DISTRICTID,STFIPS,CDFIPS,STATE_ABBR,NAME,LAST_NAME,PARTY,SQMI,yayCount,nayCount,latitude,longitude
0200,02,0,AK,Don Young,Young,Republican,587470.25,0,0,64.22979268,-152.5603272
0101,01,1,AL,Bradley Byrne,Byrne,Republican,6224.54,0,0,31.09011216,-87.76548693
0102,01,2,AL,Martha Roby,Roby,Republican,10260.09,0,0,31.70772148,-86.07108278
0103,01,3,AL,Mike Rogers,Rogers,Republican,7725.72,0,0,33.15588994,-85.707015
0104,01,4,AL,Robert B. Aderholt,Aderholt,Republican,9110.37,0,0,34.11961501,-87.20032878
0105,01,5,AL,Mo Brooks,Brooks,Republican,3855.41,0,0,34.75390987,-86.71163602
0106,01,6,AL,Gary J. Palmer,Palmer,Republican,4239.23,0,0,33.26336589,-86.7129994
0107,01,7,AL,Terri A. Sewell,Sewell,Democrat,10283.7,0,0,32.44414502,-87.6252074
0501,05,1,AR,Eric A. “Rick” Crawford,Crawford,Republican,19795.56,0,0,35.30197201,-91.24687384
0502,05,2,AR,J. French Hill,Hill,Republican,5095.85,0,0,35.09142655,-92.3910104
0503,05,3,AR,Steve Womack,Womack,Republican,5543.77,0,0,36.00591038,-93.59920273
0504,05,4,AR,Bruce Westerman,Westerman,Republican,22743.34,0,0,34.22631883,-93.21250191
0401,04,1,AZ,Tom O'Halleran,O'Halleran,Democrat,55174.02,0,0,34.98482228,-110.7350218
0402,04,2,AZ,Martha McSally,McSally,Republican,7890.22,0,0,31.92729918,-109.9572728
0403,04,3,AZ,Raúl M. Grijalva,Grijalva,Democrat,15690.1,0,0,32.36600488,-112.4436239
0404,04,4,AZ,Paul A. Gosar,Gosar,Republican,33394.74,0,0,34.60922004,-113.2224298
0405,04,5,AZ,Andy Biggs,Biggs,Republican,294.35,0,0,33.33780301,-111.7146288
0406,04,6,AZ,David Schweikert,Schweikert,Republican,629.25,0,0,33.66734521,-111.8904074
0407,04,7,AZ,Ruben Gallego,Gallego,Democrat,205.51,0,0,33.42859221,-112.1190603
0408,04,8,AZ,Debbie Lesko,Lesko,Republican,541.47,0,0,33.69261155,-112.2998503
0409,04,9,AZ,Kyrsten Sinema,Sinema,Democrat,165.78,0,0,33.40638637,-111.9491671
0601,06,1,CA,Doug LaMalfa,LaMalfa,Republican,28839.85,0,0,40.74653439,-121.50854
0602,06,2,CA,Jared Huffman,Huffman,Democrat,13076.2,0,0,40.14208521,-123.435004
0603,06,3,CA,John Garamendi,Garamendi,Democrat,6360.14,0,0,39.03032351,-122.0933679
0604,06,4,CA,Tom McClintock,McClintock,Republican,13168.18,0,0,37.98770386,-119.9367562
0605,06,5,CA,Mike Thompson,Thompson,Democrat,1800.19,0,0,38.52817915,-122.4636879
0606,06,6,CA,Doris O. Matsui,Matsui,Democrat,179.39,0,0,38.59450253,-121.4788592
0607,06,7,CA,Ami Bera,Bera,Democrat,554.07,0,0,38.48222001,-121.2187005
0608,06,8,CA,Paul Cook,Cook,Republican,33041.53,0,0,35.67542079,-116.8117848
0609,06,9,CA,Jerry McNerney,McNerney,Democrat,1305.01,0,0,38.01050235,-121.3050546
0610,06,10,CA,Jeff Denham,Denham,Republican,1841.26,0,0,37.58107745,-121.061037
0611,06,11,CA,Mark DeSaulnier,DeSaulnier,Democrat,506.16,0,0,37.90201755,-121.9846566
0612,06,12,CA,Nancy Pelosi,Pelosi,Democrat,40.3,0,0,37.76305322,-122.4332704
0613,06,13,CA,Barbara Lee,Lee,Democrat,101.55,0,0,37.78809732,-122.2228424
0614,06,14,CA,Jackie Speier,Speier,Democrat,273.08,0,0,37.52440807,-122.371908
0615,06,15,CA,Eric Swalwell,Swalwell,Democrat,604.36,0,0,37.6437271,-121.8243817
0616,06,16,CA,Jim Costa,Costa,Democrat,2885.45,0,0,37.1115764,-120.5309716
0617,06,17,CA,Ro Khanna,Khanna,Democrat,193.83,0,0,37.43819083,-121.9618481
0618,06,18,CA,Anna G. Eshoo,Eshoo,Democrat,701.57,0,0,37.21654709,-122.1235531
0619,06,19,CA,Zoe Lofgren,Lofgren,Democrat,921.8,0,0,37.20723789,-121.5855978
0620,06,20,CA,Jimmy Panetta,Panetta,Democrat,4909.31,0,0,36.35982764,-121.2165371
0621,06,21,CA,David G. Valadao,Valadao,Republican,6743.74,0,0,36.08175672,-119.8512472
0622,06,22,CA,Devin Nunes,Nunes,Republican,1168.94,0,0,36.48739578,-119.3894928
0623,06,23,CA,Kevin McCarthy,McCarthy,Republican,9936.92,0,0,35.61512651,-118.5369168
0624,06,24,CA,Salud O. Carbajal,Carbajal,Democrat,6922.95,0,0,35.01319325,-120.0955093
0625,06,25,CA,Stephen Knight,Knight,Republican,1702.6,0,0,34.5866443,-118.283778
0626,06,26,CA,Julia Brownley,Brownley,Democrat,950.81,0,0,34.30093407,-119.0590101
0627,06,27,CA,Judy Chu,Chu,Democrat,702.79,0,0,34.2792042,-117.939859
0628,06,28,CA,Adam B. Schiff,Schiff,Democrat,219.39,0,0,34.24978642,-118.2910105
0629,06,29,CA,Tony Cárdenas,Cárdenas,Democrat,92.66,0,0,34.26602817,-118.430946
0630,06,30,CA,Brad Sherman,Sherman,Democrat,137.88,0,0,34.20253059,-118.5450644
0631,06,31,CA,Pete Aguilar,Aguilar,Democrat,220.72,0,0,34.1097259,-117.3534171
0632,06,32,CA,Grace F. Napolitano,Napolitano,Democrat,126.29,0,0,34.08966904,-117.9144767
0633,06,33,CA,Ted Lieu,Lieu,Democrat,289.89,0,0,34.03059703,-118.5964759
0634,06,34,CA,Jimmy Gomez,Gomez,Democrat,47.97,0,0,34.07465854,-118.227664
0635,06,35,CA,Norma J. Torres,Torres,Democrat,169.01,0,0,34.04673411,-117.5882361
0636,06,36,CA,Raul Ruiz,Ruiz,Democrat,5990.37,0,0,33.74657112,-115.7200373
0637,06,37,CA,Karen Bass,Bass,Democrat,55.4,0,0,34.01667468,-118.3644481
0638,06,38,CA,Linda T. Sánchez,Sánchez,Democrat,102.89,0,0,33.94075997,-118.0616537
0639,06,39,CA,Edward R. Royce,Royce,Republican,205.6,0,0,33.93787678,-117.8401791
0640,06,40,CA,Lucille Roybal-Allard,Roybal-Allard,Democrat,58.36,0,0,33.96944434,-118.1778055
0641,06,41,CA,Mark Takano,Takano,Democrat,318.28,0,0,33.91702704,-117.3075859
0642,06,42,CA,Ken Calvert,Calvert,Republican,953.13,0,0,33.67898342,-117.2262326
0643,06,43,CA,Maxine Waters,Waters,Democrat,72.25,0,0,33.90363747,-118.3352007
0644,06,44,CA,Nanette Diaz Barragan,Barragan,Democrat,86.11,0,0,33.84838,-118.2392675
0645,06,45,CA,Mimi Walters,Walters,Republican,332.53,0,0,33.70627231,-117.6712453
0646,06,46,CA,J. Luis Correa,Correa,Democrat,72.62,0,0,33.79082588,-117.8955368
0647,06,47,CA,Alan S. Lowenthal,Lowenthal,Democrat,225.69,0,0,33.42803989,-118.3130688
0648,06,48,CA,Dana Rohrabacher,Rohrabacher,Republican,149.46,0,0,33.6431084,-117.8883165
0649,06,49,CA,Darrell E. Issa,Issa,Republican,557.12,0,0,33.31607371,-117.3884485
0650,06,50,CA,Duncan Hunter,Hunter,Republican,2804.21,0,0,33.11485681,-116.6177977
0651,06,51,CA,Juan Vargas,Vargas,Democrat,5106.57,0,0,32.99411789,-115.5179393
0652,06,52,CA,Scott H. Peters,Peters,Democrat,285.74,0,0,32.89153575,-117.1209083
0653,06,53,CA,Susan A. Davis,Davis,Democrat,138.06,0,0,32.71865561,-117.031665
0801,08,1,CO,Diana DeGette,DeGette,Democrat,192.68,0,0,39.73240982,-104.90819
0802,08,2,CO,Jared Polis,Polis,Democrat,7626.64,0,0,40.14512405,-105.7298676
0803,08,3,CO,Scott R. Tipton,Tipton,Republican,49880.35,0,0,38.78027849,-107.2375658
0804,08,4,CO,Ken Buck,Buck,Republican,38271.4,0,0,39.06220737,-103.3751998
0805,08,5,CO,Doug Lamborn,Lamborn,Republican,7289.43,0,0,38.82167998,-105.3382925
0806,08,6,CO,Mike Coffman,Coffman,Republican,482.51,0,0,39.77468103,-104.7398328
0807,08,7,CO,Ed Perlmutter,Perlmutter,Democrat,351.86,0,0,39.82586969,-105.0423246
0901,09,1,CT,John B. Larson,Larson,Democrat,695.23,0,0,41.81127858,-72.8008802
0902,09,2,CT,Joe Courtney,Courtney,Democrat,2048.72,0,0,41.66062436,-72.20489164
0903,09,3,CT,Rosa L. DeLauro,DeLauro,Democrat,484.61,0,0,41.38339033,-72.87871222
0904,09,4,CT,James A. Himes,Himes,Democrat,474.86,0,0,41.21767263,-73.37599185
0905,09,5,CT,Elizabeth H. Esty,Esty,Democrat,1281.99,0,0,41.69067547,-73.21883017
1198,11,98,DC,Eleanor Holmes Norton,Norton,Democrat,68.34,0,0,38.90473393,-77.01629384
1000,10,0,DE,Lisa Blunt Rochester,Rochester,Democrat,2025.71,0,0,38.98700859,-75.50040227
1201,12,1,FL,Matt Gaetz,Gaetz,Republican,4429.18,0,0,30.69363274,-86.6591861
1202,12,2,FL,Neil P. Dunn,Dunn,Republican,11369.17,0,0,30.07626817,-84.14386573
1203,12,3,FL,Ted S. Yoho,Yoho,Republican,3843.87,0,0,29.68029177,-82.05310641
1204,12,4,FL,John H. Rutherford,Rutherford,Republican,1731.41,0,0,30.34596471,-81.64747533
1205,12,5,FL,"Al Lawson, Jr.",Lawson,Democrat,3910.62,0,0,30.44864606,-83.32279748
1206,12,6,FL,Ron DeSantis,DeSantis,Republican,2410.84,0,0,29.17756726,-81.29260012
1207,12,7,FL,Stephanie N. Murphy,Murphy,Democrat,435.55,0,0,28.68778468,-81.24473296
1208,12,8,FL,Bill Posey,Posey,Republican,2073.01,0,0,28.15914188,-80.73166382
1209,12,9,FL,Darren Soto,Soto,Democrat,2620.21,0,0,28.03499617,-81.28498012
1210,12,10,FL,Val Butler Demings,Demings,Democrat,516.02,0,0,28.54363333,-81.51065591
1211,12,11,FL,Daniel Webster,Webster,Republican,2624.43,0,0,28.79091563,-82.17628681
1212,12,12,FL,Gus M. Bilirakis,Bilirakis,Republican,899.87,0,0,28.27916726,-82.43637105
1213,12,13,FL,Charlie Crist,Crist,Democrat,224.15,0,0,27.8414382,-82.72598732
1214,12,14,FL,Kathy Castor,Castor,Democrat,305.79,0,0,28.0378848,-82.47807823
1215,12,15,FL,Dennis A. Ross,Ross,Republican,1170.47,0,0,28.19904165,-81.97734289
1216,12,16,FL,Vern Buchanan,Buchanan,Republican,1398.02,0,0,27.52424785,-82.3159349
1217,12,17,FL,Thomas J. Rooney,Rooney,Republican,6134.24,0,0,27.24124355,-81.53316393
1218,12,18,FL,Brian J. Mast,Mast,Republican,1696.08,0,0,27.13278656,-80.40807512
1219,12,19,FL,Francis Rooney,Rooney,Republican,888.89,0,0,26.45571577,-81.83888957
1220,12,20,FL,Alcee L. Hastings,Hastings,Democrat,2404.96,0,0,26.44805163,-80.57946187
1221,12,21,FL,Lois Frankel,Frankel,Democrat,267.36,0,0,26.54963879,-80.16317182
1222,12,22,FL,Theodore E. Deutch,Deutch,Democrat,172.52,0,0,26.27597208,-80.16470284
1223,12,23,FL,Debbie Wasserman Schultz,Schultz,Democrat,199.78,0,0,26.06192616,-80.28663436
1224,12,24,FL,Frederica S. Wilson,Wilson,Democrat,115.16,0,0,25.90581738,-80.21162164
1225,12,25,FL,Mario Diaz-Balart,Diaz-Balart,Republican,3588.08,0,0,26.22201353,-81.16134238
1226,12,26,FL,Carlos Curbelo,Curbelo,Republican,2457.44,0,0,25.39365257,-80.87407071
1227,12,27,FL,Ileana Ros-Lehtinen,Ros-Lehtinen,Republican,135.56,0,0,25.70911912,-80.27098903
1301,13,1,GA,Earl L. “Buddy” Carter,Carter,Republican,8425.7,0,0,31.31118102,-81.97351788
1302,13,2,GA,Sanford D. Bishop Jr.,Bishop,Democrat,9799.83,0,0,31.82104431,-84.41144489
1303,13,3,GA,A. Drew Ferguson IV,Ferguson,Republican,3919.3,0,0,33.14829593,-84.73317449
1304,13,4,GA,Henry C. “Hank” Johnson Jr.,Johnson,Democrat,505.51,0,0,33.69685549,-84.0499702
1305,13,5,GA,John Lewis,Lewis,Democrat,266.92,0,0,33.70724132,-84.401478
1306,13,6,GA,Karen C. Handel,Handel,Republican,304.34,0,0,34.01019922,-84.34531394
1307,13,7,GA,Rob Woodall,Woodall,Republican,402.47,0,0,34.04210393,-84.08317227
1308,13,8,GA,Austin Scott,Scott,Republican,8853.87,0,0,31.78046225,-83.45341917
1309,13,9,GA,Doug Collins,Collins,Republican,5370.58,0,0,34.50650815,-83.68749768
1310,13,10,GA,Jody B. Hice,Hice,Republican,7275.73,0,0,33.42721669,-83.06176455
1311,13,11,GA,Barry Loudermilk,Loudermilk,Republican,1097.95,0,0,34.19077795,-84.65135549
1312,13,12,GA,Rick W. Allen,Allen,Republican,8331.07,0,0,32.41148492,-82.22113855
1313,13,13,GA,David Scott,Scott,Democrat,724.23,0,0,33.62630705,-84.56396238
1314,13,14,GA,Tom Graves,Graves,Republican,3643.21,0,0,34.43315269,-85.09453432
1501,15,1,HI,Colleen Hanabusa,Hanabusa,Democrat,218.24,0,0,21.36641042,-157.9088839
1502,15,2,HI,Tulsi Gabbard,Gabbard,Democrat,6234.35,0,0,20.21519294,-156.3080714
1901,19,1,IA,Rod Blum,Blum,Republican,12137.06,0,0,42.52506622,-91.89145106
1902,19,2,IA,David Loebsack,Loebsack,Democrat,12428.57,0,0,41.20829114,-92.1491872
1903,19,3,IA,David Young,Young,Republican,8848.78,0,0,41.20393251,-94.63734261
1904,19,4,IA,Steve King,King,Republican,22858.22,0,0,42.62640813,-94.64071634
1601,16,1,ID,Raúl R. Labrador,Labrador,Republican,39926.45,0,0,45.36322479,-116.0327019
1602,16,2,ID,Michael K. Simpson,Simpson,Republican,43642.06,0,0,43.46855997,-113.3616272
1701,17,1,IL,Bobby L. Rush,Rush,Democrat,259.22,0,0,41.54425259,-87.83410343
1702,17,2,IL,Robin L. Kelly,Kelly,Democrat,1089.31,0,0,41.25863677,-87.79590173
1703,17,3,IL,Daniel Lipinski,Lipinski,Democrat,242.05,0,0,41.67850895,-87.8960748
1704,17,4,IL,Luis V. Gutierrez,Gutierrez,Democrat,52.79,0,0,41.87227275,-87.76496174
1705,17,5,IL,Mike Quigley,Quigley,Democrat,96.3,0,0,41.93184229,-87.83524304
1706,17,6,IL,Peter J. Roskam,Roskam,Republican,389.39,0,0,42.02826241,-88.17922842
1707,17,7,IL,Danny K. Davis,Davis,Democrat,62.12,0,0,41.86425625,-87.73594881
1708,17,8,IL,Raja Krishnamoorthi,Krishnamoorthi,Democrat,209.67,0,0,42.00786039,-88.0969699
1709,17,9,IL,Janice D. Schakowsky,Schakowsky,Democrat,105.34,0,0,42.05217453,-87.8103022
1710,17,10,IL,Bradley Scott Schneider,Schneider,Democrat,311.39,0,0,42.27927407,-87.93813605
1711,17,11,IL,Bill Foster,Foster,Democrat,286.45,0,0,41.64386424,-88.14643393
1712,17,12,IL,Mike Bost,Bost,Republican,5186.9,0,0,37.98980746,-89.43224204
1713,17,13,IL,Rodney Davis,Davis,Republican,5876.97,0,0,39.51205591,-89.519408
1714,17,14,IL,Randy Hultgren,Hultgren,Republican,1621.71,0,0,42.0283043,-88.43175217
1715,17,15,IL,John Shimkus,Shimkus,Republican,14832.42,0,0,38.91054014,-88.4355886
1716,17,16,IL,Adam Kinzinger,Kinzinger,Republican,7987.28,0,0,41.39460337,-88.80003363
1717,17,17,IL,Cheri Bustos,Bustos,Democrat,7063.96,0,0,41.3894591,-90.21029407
1718,17,18,IL,Darin LaHood,LaHood,Republican,10663.65,0,0,40.22995856,-90.07571616
1801,18,1,IN,Peter J. Visclosky,Visclosky,Democrat,1162.5,0,0,41.45808157,-87.1583263
1802,18,2,IN,Jackie Walorski,Walorski,Republican,4009.64,0,0,41.24361338,-86.23282524
1803,18,3,IN,Jim Banks,Banks,Republican,4232.48,0,0,41.10199782,-85.23149494
1804,18,4,IN,Todd Rokita,Rokita,Republican,6378.78,0,0,40.38353815,-86.86193605
1805,18,5,IN,Susan W. Brooks,Brooks,Republican,1940.62,0,0,40.25395117,-85.86123243
1806,18,6,IN,Luke Messer,Messer,Republican,6248,0,0,39.4812117,-85.36294659
1807,18,7,IN,André Carson,Carson,Democrat,305.75,0,0,39.74704332,-86.13905632
1808,18,8,IN,Larry Bucshon,Bucshon,Republican,7363.29,0,0,38.738912,-87.19767057
1809,18,9,IN,Trey Hollingsworth,Hollingsworth,Republican,4543.14,0,0,38.78760888,-86.2070348
2001,20,1,KS,Roger W. Marshall,Marshall,Republican,52771.81,0,0,38.73025712,-99.40254838
2002,20,2,KS,Lynn Jenkins,Jenkins,Republican,14348.01,0,0,38.48765084,-95.43509168
2003,20,3,KS,Kevin Yoder,Yoder,Republican,770.14,0,0,38.89239214,-94.79259108
2004,20,4,KS,Ron Estes,Estes,Republican,14388.22,0,0,37.54429736,-97.73979948
2101,21,1,KY,James Comer,Comer,Republican,12555.14,0,0,37.08243419,-87.1847009
2102,21,2,KY,Brett Guthrie,Guthrie,Republican,7332.35,0,0,37.53630566,-85.98859825
2103,21,3,KY,John A. Yarmuth,Yarmuth,Democrat,335.43,0,0,38.18806717,-85.69469685
2104,21,4,KY,Thomas Massie,Massie,Republican,4488.23,0,0,38.57077667,-84.42720327
2105,21,5,KY,Harold Rogers,Rogers,Republican,11354.68,0,0,37.36922508,-83.52191813
2106,21,6,KY,Andy Barr,Barr,Republican,4341.71,0,0,38.04833016,-84.16265727
2201,22,1,LA,Steve Scalise,Scalise,Republican,5860.32,0,0,29.75508962,-90.09062858
2202,22,2,LA,Cedric L. Richmond,Richmond,Democrat,1469.63,0,0,30.03666395,-90.61092549
2203,22,3,LA,Clay Higgins,Higgins,Republican,7816.57,0,0,30.01341867,-92.4861219
2204,22,4,LA,Mike Johnson,Johnson,Republican,12863.81,0,0,31.7979153,-93.17945098
2205,22,5,LA,Ralph Abraham,Abraham,Republican,14883.62,0,0,31.76774017,-91.82491765
2206,22,6,LA,Garret Graves,Graves,Republican,4424.5,0,0,30.30295155,-91.01779983
2501,25,1,MA,Richard E. Neal,Neal,Democrat,2400.21,0,0,42.32213463,-72.85665668
2502,25,2,MA,James P. McGovern,McGovern,Democrat,1713.62,0,0,42.38582206,-72.11782079
2503,25,3,MA,Niki Tsongas,Tsongas,Democrat,787.03,0,0,42.58482514,-71.57476742
2504,25,4,MA,Joseph P. Kennedy III,Kennedy,Democrat,701.59,0,0,41.99126186,-71.23234684
2505,25,5,MA,Katherine M. Clark,Clark,Democrat,279.06,0,0,42.35535561,-71.30925637
2506,25,6,MA,Seth Moulton,Moulton,Democrat,566.68,0,0,42.63812464,-70.97357848
2507,25,7,MA,Michael E. Capuano,Capuano,Democrat,68.25,0,0,42.30556285,-71.07824574
2508,25,8,MA,Stephen F. Lynch,Lynch,Democrat,349.34,0,0,42.15001629,-71.01919027
2509,25,9,MA,William R. Keating,Keating,Democrat,1350.41,0,0,41.73922309,-70.60535426
2401,24,1,MD,Andy Harris,Harris,Republican,4045.47,0,0,38.84521892,-75.95553777
2402,24,2,MD,C. A. Dutch Ruppersberger,Ruppersberger,Democrat,349.11,0,0,39.3460896,-76.48285208
2403,24,3,MD,John P. Sarbanes,Sarbanes,Democrat,306.95,0,0,39.18550778,-76.74133699
2404,24,4,MD,Anthony G. Brown,Brown,Democrat,299.06,0,0,38.96827223,-76.74516571
2405,24,5,MD,Steny H. Hoyer,Hoyer,Democrat,1492.18,0,0,38.55159047,-76.76469985
2406,24,6,MD,John K. Delaney,Delaney,Democrat,1990.09,0,0,39.49905252,-78.38738061
2407,24,7,MD,Elijah E. Cummings,Cummings,Democrat,493.93,0,0,39.4022073,-76.7955688
2408,24,8,MD,Jamie Raskin,Raskin,Democrat,868.85,0,0,39.43329364,-77.25143372
2301,23,1,ME,Chellie Pingree,Pingree,Democrat,3608.66,0,0,43.8766757,-70.10086655
2302,23,2,ME,Bruce Poliquin,Poliquin,Republican,29172.97,0,0,45.55135253,-69.12141434
2601,26,1,MI,Jack Bergman,Bergman,Republican,26009.81,0,0,45.86815479,-86.43916988
2602,26,2,MI,Bill Huizenga,Huizenga,Republican,3418.54,0,0,43.5115741,-85.99267176
2603,26,3,MI,Justin Amash,Amash,Republican,2698.19,0,0,42.71721883,-85.24422545
2604,26,4,MI,John R. Moolenaar,Moolenaar,Republican,8659.28,0,0,43.73515231,-84.75051071
2605,26,5,MI,Daniel T. Kildee,Kildee,Democrat,2396.53,0,0,43.68609884,-83.77871505
2606,26,6,MI,Fred Upton,Upton,Republican,3648.95,0,0,42.18703825,-85.8998813
2607,26,7,MI,Tim Walberg,Walberg,Republican,4314.59,0,0,42.10139464,-84.33126975
2608,26,8,MI,Mike Bishop,Bishop,Republican,1541.65,0,0,42.64685423,-83.94076415
2609,26,9,MI,Sander M. Levin,Levin,Democrat,185.33,0,0,42.53175932,-83.05311916
2610,26,10,MI,Paul Mitchell,Mitchell,Republican,4203.71,0,0,43.32138402,-82.98929426
2611,26,11,MI,David A. Trott,Trott,Republican,440.64,0,0,42.53173553,-83.45676493
2612,26,12,MI,Debbie Dingell,Dingell,Democrat,411.5,0,0,42.21241764,-83.45412951
2613,26,13,MI,,,Vacant,185.57,0,0,42.32447974,-83.2510346
2614,26,14,MI,Brenda L. Lawrence,Peters,Democrat,189.49,0,0,42.47699313,-83.19865292
2701,27,1,MN,Timothy J. Walz,Walz,Democrat,12183.07,0,0,43.88670461,-93.70501775
2702,27,2,MN,Jason Lewis,Lewis,Republican,2532.01,0,0,44.48774556,-92.84859907
2703,27,3,MN,Erik Paulsen,Paulsen,Republican,583.03,0,0,44.99642253,-93.52961641
2704,27,4,MN,Betty McCollum,McCollum,Democrat,365.3,0,0,45.00196875,-92.98087052
2705,27,5,MN,Keith Ellison,Ellison,Democrat,142.13,0,0,44.98113759,-93.29549136
2706,27,6,MN,Tom Emmer,Emmer,Republican,3038.24,0,0,45.33494558,-93.85369582
2707,27,7,MN,Collin C. Peterson,Peterson,Democrat,35376.61,0,0,46.59527488,-95.68728094
2708,27,8,MN,Richard M. Nolan,Nolan,Democrat,30166.29,0,0,47.20656893,-93.13581891
2901,29,1,MO,Wm. Lacy Clay,Clay,Democrat,235.81,0,0,38.72751922,-90.29449207
2902,29,2,MO,Ann Wagner,Wagner,Republican,480.26,0,0,38.60346219,-90.53390813
2903,29,3,MO,Blaine Luetkemeyer,Luetkemeyer,Republican,6993.69,0,0,38.57830996,-91.55496923
2904,29,4,MO,Vicky Hartzler,Hartzler,Republican,14693.66,0,0,38.28376715,-93.31051609
2905,29,5,MO,Emanuel Cleaver,Cleaver,Democrat,2459.98,0,0,39.14158429,-93.77158772
2906,29,6,MO,Sam Graves,Graves,Republican,18402.06,0,0,39.93736203,-93.29800087
2907,29,7,MO,Billy Long,Long,Republican,6368.75,0,0,36.98909653,-93.69757706
2908,29,8,MO,Jason T. Smith,Smith,Republican,20072.75,0,0,37.18965576,-90.92957497
2801,28,1,MS,Trent Kelly,Kelly,Republican,10730.86,0,0,34.19589652,-89.00637262
2802,28,2,MS,Bennie G. Thompson,Thompson,Democrat,15922.61,0,0,33.20052904,-90.34581843
2803,28,3,MS,Gregg Harper,Harper,Republican,12886.47,0,0,32.01547921,-89.73294701
2804,28,4,MS,Steven M. Palazzo,Palazzo,Republican,8150.91,0,0,31.05524622,-89.09344283
3000,30,0,MT,Greg Gianforte,Gianforte,Republican,147037.94,0,0,47.03352954,-109.6451363
3701,37,1,NC,G. K. Butterfield,Butterfield,Democrat,6019.6,0,0,36.14828449,-77.54308455
3702,37,2,NC,George Holding,Holding,Republican,2735.08,0,0,35.75573651,-78.4169822
3703,37,3,NC,Walter B. Jones,Jones,Republican,8211.74,0,0,35.43761786,-76.80836996
3704,37,4,NC,David E. Price,Price,Democrat,739.4,0,0,35.95099295,-78.93134172
3705,37,5,NC,Virginia Foxx,Foxx,Republican,4000.59,0,0,36.26043211,-80.98255041
3706,37,6,NC,Mark Walker,Walker,Republican,3991.57,0,0,36.01228731,-79.47492176
3707,37,7,NC,David Rouzer,Rouzer,Republican,6063.91,0,0,34.67853707,-78.22109467
3708,37,8,NC,Richard Hudson,Hudson,Republican,3001.61,0,0,35.29647205,-79.79752239
3709,37,9,NC,Robert Pittenger,Pittenger,Republican,3908.34,0,0,34.85247078,-79.53848944
3710,37,10,NC,Patrick T. McHenry,McHenry,Republican,2631.64,0,0,35.43380156,-81.62156109
3711,37,11,NC,Mark Meadows,Meadows,Republican,6679.06,0,0,35.51993431,-82.80583881
3712,37,12,NC,Alma S. Adams,Adams,Democrat,441.23,0,0,35.27409103,-80.85536409
3713,37,13,NC,Ted Budd,Budd,Republican,1872.9,0,0,35.84297893,-80.45761574
3800,38,0,ND,Kevin Cramer,Cramer,Republican,70699.15,0,0,47.44633075,-100.4693109
3101,31,1,NE,Jeff Fortenberry,Fortenberry,Republican,8975.26,0,0,41.37757351,-96.83086761
3102,31,2,NE,Don Bacon,Bacon,Republican,526.53,0,0,41.22942767,-96.15977113
3103,31,3,NE,Adrian Smith,Smith,Republican,67845.68,0,0,41.54917536,-100.2321635
3301,33,1,NH,Carol Shea-Porter,Shea-Porter,Democrat,2637.45,0,0,43.4735141,-71.22027402
3302,33,2,NH,Ann M. Kuster,Kuster,Democrat,6642.97,0,0,43.76943969,-71.71879153
3401,34,1,NJ,Donald Norcross,Norcross,Democrat,369.98,0,0,39.79169383,-75.05738825
3402,34,2,NJ,Frank A. LoBiondo,LoBiondo,Republican,2286.81,0,0,39.47500599,-74.88303178
3403,34,3,NJ,Thomas MacArthur,MacArthur,Republican,978.69,0,0,39.91622607,-74.5344502
3404,34,4,NJ,Christopher H. Smith,Smith,Republican,708.32,0,0,40.1640301,-74.31916361
3405,34,5,NJ,Josh S. Gottheimer,Gottheimer,Democrat,1023.98,0,0,41.05744017,-74.62618051
3406,34,6,NJ,Frank Pallone Jr.,Pallone,Democrat,227.63,0,0,40.45904797,-74.2615625
3407,34,7,NJ,Leonard Lance,Lance,Republican,988.13,0,0,40.62821498,-74.78943228
3408,34,8,NJ,Albio Sires,Sires,Democrat,62.7,0,0,40.72540113,-74.11090403
3409,34,9,NJ,Bill Pascrell Jr.,Pascrell,Democrat,102.84,0,0,40.86086818,-74.07337489
3410,34,10,NJ,Donald M. Payne Jr.,Payne,Democrat,80.34,0,0,40.70882084,-74.20791681
3411,34,11,NJ,Rodney P. Frelinghuysen,Frelinghuysen,Republican,532.07,0,0,40.9041905,-74.45132345
3412,34,12,NJ,Bonnie Watson Coleman,Coleman,Democrat,419.26,0,0,40.37284703,-74.57139248
3501,35,1,NM,Michelle Lujan Grisham,Grisham,Democrat,4607.42,0,0,34.76885147,-106.0553348
3502,35,2,NM,Stevan Pearce,Pearce,Republican,71903.05,0,0,33.38070665,-106.2972805
3503,35,3,NM,Ben Ray Luján,Luján,Democrat,45082.28,0,0,35.99549513,-105.8216305
3201,32,1,NV,Dina Titus,Titus,Democrat,104.49,0,0,36.13757631,-115.1522202
3202,32,2,NV,Mark E. Amodei,Amodei,Republican,56337.46,0,0,40.64564002,-117.3060329
3203,32,3,NV,Jacky Rosen,Rosen,Democrat,2888.61,0,0,35.73140536,-115.1138166
3204,32,4,NV,Ruben Kihuen,Kihuen,Democrat,51240.09,0,0,38.09110355,-116.0006521
3601,36,1,NY,Lee M. Zeldin,Zeldin,Republican,841.64,0,0,40.90605079,-72.67688915
3602,36,2,NY,Peter T. King,King,Republican,239.67,0,0,40.71327954,-73.28489478
3603,36,3,NY,Thomas R. Suozzi,Suozzi,Democrat,280.2,0,0,40.83175712,-73.49683561
3604,36,4,NY,Kathleen M. Rice,Rice,Democrat,129.74,0,0,40.66402082,-73.61216141
3605,36,5,NY,Gregory W. Meeks,Meeks,Democrat,63.34,0,0,40.65066623,-73.78427113
3606,36,6,NY,Grace Meng,Meng,Democrat,30.07,0,0,40.73502214,-73.82371257
3607,36,7,NY,Nydia M. Velázquez,Velázquez,Democrat,17.17,0,0,40.68843421,-73.94878857
3608,36,8,NY,Hakeem S. Jeffries,Jeffries,Democrat,41.2,0,0,40.62984415,-73.89677205
3609,36,9,NY,Yvette D. Clarke,Clarke,Democrat,15.74,0,0,40.64146668,-73.94743466
3610,36,10,NY,Jerrold Nadler,Nadler,Democrat,19.13,0,0,40.70361453,-73.99456088
3611,36,11,NY,Daniel M. Donovan Jr.,Donovan,Republican,67.07,0,0,40.58378399,-74.13528081
3612,36,12,NY,Carolyn B. Maloney,Maloney,Democrat,17.6,0,0,40.75029077,-73.95052482
3613,36,13,NY,Adriano Espaillat,Espaillat,Democrat,12.94,0,0,40.84106092,-73.93134185
3614,36,14,NY,Joseph Crowley,Crowley,Democrat,35.26,0,0,40.80410767,-73.85331864
3615,36,15,NY,José E. Serrano,Serrano,Democrat,16.94,0,0,40.82450874,-73.89091418
3616,36,16,NY,Eliot L. Engel,Engel,Democrat,85.77,0,0,40.94421957,-73.815916
3617,36,17,NY,Nita M. Lowey,Lowey,Democrat,440.4,0,0,41.15749229,-73.91097838
3618,36,18,NY,Sean Patrick Maloney,Maloney,Democrat,1416.01,0,0,41.41142328,-74.08034712
3619,36,19,NY,John J. Faso,Faso,Republican,8103.31,0,0,42.21468596,-74.42087551
3620,36,20,NY,Paul Tonko,Tonko,Democrat,1263.07,0,0,42.74824993,-73.99177969
3621,36,21,NY,Elise M. Stefanik,Stefanik,Republican,15907.07,0,0,44.02250413,-74.53822082
3622,36,22,NY,Claudia Tenney,Tenney,Republican,5211.61,0,0,42.87310227,-75.65739468
3623,36,23,NY,Tom Reed,Reed,Republican,7574.16,0,0,42.33139329,-77.75064611
3624,36,24,NY,John Katko,Katko,Republican,2475.52,0,0,43.06220007,-76.53586664
3625,36,25,NY,,,Vacant,518.83,0,0,43.16123589,-77.68162762
3626,36,26,NY,Brian Higgins,Higgins,Democrat,230.94,0,0,42.96195259,-78.84128008
3627,36,27,NY,Chris Collins,Collins,Republican,4013.48,0,0,42.89215321,-78.22210205
3901,39,1,OH,Steve Chabot,Chabot,Republican,697.25,0,0,39.33648386,-84.34555103
3902,39,2,OH,Brad R. Wenstrup,Wenstrup,Republican,3251.46,0,0,39.02027536,-83.56554615
3903,39,3,OH,Joyce Beatty,Beatty,Democrat,232.43,0,0,39.96633657,-82.94924447
3904,39,4,OH,Jim Jordan,Jordan,Republican,4710.88,0,0,40.71583159,-83.47590886
3905,39,5,OH,Robert E. Latta,Latta,Republican,5654.36,0,0,41.15503737,-84.04176436
3906,39,6,OH,Bill Johnson,Johnson,Republican,7292.9,0,0,39.77362777,-81.55363511
3907,39,7,OH,Bob Gibbs,Gibbs,Republican,3889.77,0,0,40.70734271,-82.05902681
3908,39,8,OH,Warren Davidson,Davidson,Republican,2466.07,0,0,39.90391782,-84.41551277
3909,39,9,OH,Marcy Kaptur,Kaptur,Democrat,498.64,0,0,41.51256194,-82.78607722
3910,39,10,OH,Michael R. Turner,Turner,Republican,1135.68,0,0,39.70111646,-83.95720131
3911,39,11,OH,Marcia L. Fudge,Fudge,Democrat,245.08,0,0,41.37058435,-81.58941024
3912,39,12,OH,,,Vacant,2301.6,0,0,40.2379751,-82.61513847
3913,39,13,OH,Tim Ryan,Ryan,Democrat,921.38,0,0,41.15628573,-80.97016476
3914,39,14,OH,David P. Joyce,Joyce,Republican,1987.99,0,0,41.55301985,-81.00595853
3915,39,15,OH,Steve Stivers,Stivers,Republican,4777.36,0,0,39.57680539,-82.7527593
3916,39,16,OH,James B. Renacci,Renacci,Republican,1217.36,0,0,40.97300918,-81.73836438
4001,40,1,OK,,,Vacant,1687.08,0,0,36.21240733,-95.78573455
4002,40,2,OK,Markwayne Mullin,Mullin,Republican,21749.43,0,0,35.15471869,-95.45201998
4003,40,3,OK,Frank D. Lucas,Lucas,Republican,34431.01,0,0,36.12107054,-98.8388756
4004,40,4,OK,Tom Cole,Cole,Republican,9934.78,0,0,34.58004597,-97.75015207
4005,40,5,OK,Steve Russell,Russell,Republican,2096.7,0,0,35.30712603,-96.99378566
4101,41,1,OR,Suzanne Bonamici,Bonamici,Democrat,3076.33,0,0,45.69388214,-123.2924569
4102,41,2,OR,Greg Walden,Walden,Republican,70179.67,0,0,43.85953649,-119.5523976
4103,41,3,OR,Earl Blumenauer,Blumenauer,Democrat,1106.28,0,0,45.39313666,-122.2041511
4104,41,4,OR,Peter A. DeFazio,DeFazio,Democrat,17429.87,0,0,43.4982003,-123.2160357
4105,41,5,OR,Kurt Schrader,Schrader,Democrat,5246.15,0,0,45.01771637,-123.1221651
4201,42,1,PA,Robert A. Brady,Brady,Democrat,656.15,0,0,40.3324995,-75.11445554
4202,42,2,PA,Dwight Evans,Evans,Democrat,65.99,0,0,40.04611039,-75.06002253
4203,42,3,PA,Mike Kelly,Kelly,Republican,54.61,0,0,40.00339576,-75.19720298
4204,42,4,PA,Scott Perry,Perry,Republican,481.34,0,0,40.22202145,-75.39799658
4205,42,5,PA,Glenn Thompson,Thompson,Republican,222.2,0,0,39.91930381,-75.37514738
4206,42,6,PA,Ryan A. Costello,Costello,Republican,923.81,0,0,40.02434428,-75.77670856
4207,42,7,PA,,,Vacant,868.7,0,0,40.72811621,-75.41754039
4208,42,8,PA,Michael G. Fitzpatrick,Fitzpatrick,Republican,2735.75,0,0,41.36996488,-75.40556422
4209,42,9,PA,Bill Shuster,Shuster,Republican,3330.36,0,0,40.77061741,-76.17238941
4210,42,10,PA,Tom Marino,Marino,Republican,1118.98,0,0,40.26264995,-76.85806586
4211,42,11,PA,Lou Barletta,Barletta,Republican,1546.59,0,0,39.96828444,-76.39357158
4212,42,12,PA,Keith J. Rothfus,Rothfus,Republican,9989.92,0,0,41.3488297,-77.04500569
4213,42,13,PA,Brendan F. Boyle,Boyle,Democrat,6055.61,0,0,40.10367988,-78.25848145
4214,42,14,PA,Michael F. Doyle,Doyle,Democrat,2867.89,0,0,40.07956631,-79.93448674
4215,42,15,PA,,,Vacant,9821.61,0,0,41.20411794,-78.91009423
4216,42,16,PA,Lloyd Smucker,Smucker,Republican,3367.25,0,0,41.49744121,-80.12790863
4217,42,17,PA,Matthew A. Cartwright,Cartwright,Democrat,899.03,0,0,40.60955797,-80.19098511
4218,42,18,PA,Conor Lamb,Lamb,Democrat,300.23,0,0,40.37111889,-79.90244872
7298,72,98,PR,Jenniffer Gonzalez-Colon,Gonzalez-Colon,Republican,3451.9,0,0,18.22203296,-66.46501722
4401,44,1,RI,David N. Cicilline,Cicilline,Democrat,292.58,0,0,41.75895535,-71.35852271
4402,44,2,RI,James R. Langevin,Langevin,Democrat,811.25,0,0,41.64636527,-71.62353701
4501,45,1,SC,Mark Sanford,Sanford,Republican,1830.17,0,0,32.76731629,-80.17743847
4502,45,2,SC,Joe Wilson,Wilson,Republican,3109.54,0,0,33.6379888,-81.37462673
4503,45,3,SC,Jeff Duncan,Duncan,Republican,5468.64,0,0,34.3555995,-82.33905288
4504,45,4,SC,Trey Gowdy,Gowdy,Republican,1316.58,0,0,34.94130186,-82.17230423
4505,45,5,SC,Ralph Norman,Norman,Republican,5608.21,0,0,34.53854838,-81.01952107
4506,45,6,SC,James E. Clyburn,Clyburn,Democrat,8369.42,0,0,33.22061,-80.52465342
4507,45,7,SC,Tom Rice,Rice,Republican,5454.28,0,0,34.12011825,-79.53173573
4600,46,0,SD,Kristi L. Noem,Noem,Republican,77115.88,0,0,44.4361533,-100.2304979
4701,47,1,TN,David P. Roe,Roe,Republican,4222.05,0,0,36.2154204,-82.79495155
4702,47,2,TN,John J. Duncan Jr.,Duncan,Republican,2429.37,0,0,36.04705438,-83.82632447
4703,47,3,TN,Charles J. “Chuck” Fleischmann,Fleischmann,Republican,4714.13,0,0,35.76542719,-84.50368157
4704,47,4,TN,Scott DesJarlais,DesJarlais,Republican,6078.1,0,0,35.45050234,-85.96003294
4705,47,5,TN,Jim Cooper,Cooper,Democrat,1276.25,0,0,36.17695113,-87.06994785
4706,47,6,TN,Diane Black,Black,Republican,6600.27,0,0,36.19962855,-85.78142965
4707,47,7,TN,Marsha Blackburn,Blackburn,Republican,9321.19,0,0,35.63662678,-87.83230517
4708,47,8,TN,David Kustoff,Kustoff,Republican,6998.33,0,0,35.86104337,-89.10021551
4709,47,9,TN,Steve Cohen,Cohen,Democrat,504.47,0,0,35.16753186,-89.98041085
4801,48,1,TX,Louie Gohmert,Gohmert,Republican,8236.09,0,0,31.95902862,-94.55891194
4802,48,2,TX,Ted Poe,Poe,Republican,329.93,0,0,29.96504015,-95.33832928
4803,48,3,TX,Sam Johnson,Johnson,Republican,518.69,0,0,33.15804298,-96.61509929
4804,48,4,TX,John Ratcliffe,Ratcliffe,Republican,10520.53,0,0,33.31038325,-95.40436943
4805,48,5,TX,Jeb Hensarling,JHensarling,Republican,5234.97,0,0,32.22674207,-95.73561084
4806,48,6,TX,Joe Barton,Barton,Republican,2247.27,0,0,32.2307869,-96.67470327
4807,48,7,TX,John Abney Culberson,Culberson,Republican,163.27,0,0,29.79348094,-95.60578274
4808,48,8,TX,Kevin Brady,Brady,Republican,6213.51,0,0,30.82051408,-95.54736654
4809,48,9,TX,Al Green,Green,Democrat,167.72,0,0,29.64513365,-95.49553847
4810,48,10,TX,Michael T. McCaul,McCaul,Republican,5143.34,0,0,29.97093828,-96.59604039
4811,48,11,TX,K. Michael Conaway,Conaway,Republican,28053.63,0,0,31.73594342,-100.0830956
4812,48,12,TX,Kay Granger,Granger,Republican,1474.63,0,0,32.81650284,-97.6694953
4813,48,13,TX,Mac Thornberry,Thornberry,Republican,38645.31,0,0,34.8376805,-100.6173873
4814,48,14,TX,Randy K. Weber Sr.,Weber,Republican,2778.87,0,0,29.4583074,-94.90797944
4815,48,15,TX,Vicente Gonzalez,Gonzalez,Democrat,7862.82,0,0,27.75580095,-98.26108841
4816,48,16,TX,Beto O'Rourke,O'Rourke,Democrat,712.14,0,0,31.85746083,-106.281548
4817,48,17,TX,Bill Flores,Flores,Republican,7770.11,0,0,31.16276973,-96.65610818
4818,48,18,TX,Sheila Jackson Lee,Lee,Democrat,236.98,0,0,29.88924944,-95.37653606
4819,48,19,TX,Jodey C. Arrington,Arrington,Republican,25944.83,0,0,33.24496126,-101.2172855
4820,48,20,TX,Joaquin Castro,Castro,Democrat,200.26,0,0,29.4750464,-98.62209005
4821,48,21,TX,Lamar Smith,Smith,Republican,5956.35,0,0,30.01806785,-98.95988606
4822,48,22,TX,Pete Olson,Olson,Republican,1057.09,0,0,29.51753621,-95.68326005
4823,48,23,TX,Will Hurd,Hurd,Republican,58202.67,0,0,30.37930011,-102.3629187
4824,48,24,TX,Kenny Marchant,Marchant,Republican,271.71,0,0,32.91959526,-97.01106493
4825,48,25,TX,Roger Williams,Williams,Republican,7744.7,0,0,31.50517838,-97.8142497
4826,48,26,TX,Michael C. Burgess,Burgess,Republican,981.2,0,0,33.19448575,-97.13192097
4827,48,27,TX,,,Vacant,9515.2,0,0,28.85352668,-96.84961061
4828,48,28,TX,Henry Cuellar,Cuellar,Democrat,9488.47,0,0,27.85674913,-98.90865561
4829,48,29,TX,Gene Green,Green,Democrat,191.08,0,0,29.78212695,-95.26562138
4830,48,30,TX,Eddie Bernice Johnson,Johnson,Democrat,369.06,0,0,32.65652364,-96.80076201
4831,48,31,TX,John R. Carter,Carter,Republican,2207.19,0,0,30.83745706,-97.53890261
4832,48,32,TX,Pete Sessions,Sessions,Republican,199.35,0,0,32.92066007,-96.65225902
4833,48,33,TX,Marc A. Veasey,Veasey,Democrat,218.39,0,0,32.75429442,-97.09430275
4834,48,34,TX,Filemon Vela,Vela,Democrat,8330.12,0,0,27.66656336,-97.65874052
4835,48,35,TX,Lloyd Doggett,Doggett,Democrat,601.42,0,0,29.91826814,-97.88646722
4836,48,36,TX,Brian Babin,Babin,Republican,7368.94,0,0,30.45467257,-94.41460929
4901,49,1,UT,Rob Bishop,Bishop,Republican,20801.09,0,0,40.94490179,-111.3285403
4902,49,2,UT,Chris Stewart,Stewart,Republican,41152.22,0,0,38.75752625,-112.5620432
4903,49,3,UT,John R. Curtis,Curtis,Republican,20250.7,0,0,38.68054579,-110.2279193
4904,49,4,UT,Mia B. Love,Love,Republican,2694.09,0,0,39.87988849,-111.8502261
5101,51,1,VA,Robert J. Wittman,Wittman,Republican,4460.5,0,0,37.91554336,-77.05092502
5102,51,2,VA,Scott Taylor,Taylor,Republican,1493.27,0,0,37.35274933,-75.91779965
5103,51,3,VA,Robert C. “Bobby” Scott,Scott,Democrat,667.83,0,0,36.89770706,-76.58383063
5104,51,4,VA,A. Donald McEachin,McEachin,Democrat,3738.93,0,0,36.96083217,-77.16122481
5105,51,5,VA,"Thomas A. Garrett, Jr.",Garrett,Republican,10181.07,0,0,37.34659024,-78.74185827
5106,51,6,VA,Bob Goodlatte,Goodlatte,Republican,5970.44,0,0,38.13469384,-79.19088495
5107,51,7,VA,Dave Brat,Brat,Republican,3174.34,0,0,37.82550561,-77.9014051
5108,51,8,VA,"Donald S. Beyer, Jr.",Beyer,Democrat,157.73,0,0,38.78705766,-77.13660386
5109,51,9,VA,H. Morgan Griffith,Griffith,Republican,9173.57,0,0,36.99237832,-81.31945591
5110,51,10,VA,Barbara Comstock,Comstock,Republican,1386.04,0,0,39.08363396,-77.83681733
5111,51,11,VA,Gerald E. Connolly,Connolly,Democrat,189.4,0,0,38.79265753,-77.29614314
5000,50,0,VT,Peter Welch,Welch,Democrat,9615.3,0,0,44.07518689,-72.66264813
5301,53,1,WA,Suzan K. DelBene,DelBene,Democrat,6299.45,0,0,48.34787493,-121.6340694
5302,53,2,WA,Rick Larsen,Larsen,Democrat,1138.85,0,0,48.35449266,-122.4989575
5303,53,3,WA,Jaime Herrera Beutler,Beutler,Republican,9313.62,0,0,46.22479913,-122.1943321
5304,53,4,WA,Dan Newhouse,Newhouse,Republican,19558.44,0,0,47.29887435,-119.7046812
5305,53,5,WA,Cathy McMorris Rodgers,Rodgers,Republican,15704.48,0,0,47.58989596,-117.8789472
5306,53,6,WA,Derek Kilmer,Kilmer,Democrat,7255.14,0,0,47.59187647,-123.5981291
5307,53,7,WA,Pramila Jayapal,Jayapal,Democrat,166.92,0,0,47.5931061,-122.3698451
5308,53,8,WA,David G. Reichert,Reichert,Republican,7502.31,0,0,47.42346268,-121.0031026
5309,53,9,WA,Adam Smith,Smith,Democrat,204.35,0,0,47.46820978,-122.2456923
5310,53,10,WA,Denny Heck,Heck,Democrat,917.68,0,0,47.03474941,-122.7585375
5501,55,1,WI,Paul Ryan,Ryan,Republican,1774.7,0,0,42.71206945,-88.37187212
5502,55,2,WI,Mark Pocan,Pocan,Democrat,4609.86,0,0,42.98340415,-89.74778046
5503,55,3,WI,Ron Kind,Kind,Democrat,11431.22,0,0,44.06813082,-90.91544964
5504,55,4,WI,Gwen Moore,Moore,Democrat,128.43,0,0,43.06374626,-87.95111972
5505,55,5,WI,F. James Sensenbrenner Jr.,Sensenbrenner,Republican,1954.52,0,0,43.19908713,-88.53397638
5506,55,6,WI,Glenn Grothman,Grothman,Republican,5079.74,0,0,43.79723637,-88.70363575
5507,55,7,WI,Sean P. Duffy,Duffy,Republican,23944.85,0,0,45.59044764,-90.65657099
5508,55,8,WI,Mike Gallagher,Gallagher,Republican,6922.34,0,0,44.81131437,-88.28504691
5401,54,1,WV,David B. McKinley,McKinley,Republican,6343.74,0,0,39.38016154,-80.26731732
5402,54,2,WV,Alexander X. Mooney,Mooney,Republican,8066.65,0,0,38.83850978,-80.18546362
5403,54,3,WV,Evan H. Jenkins,Jenkins,Republican,9819.65,0,0,37.99409308,-81.19767974
5600,56,0,WY,Liz Cheney,Cheney,Republican,97809.81,0,0,42.99963539,-107.5514429